<?xml version="1.0" encoding="utf-8"?>
<?xml-stylesheet type="text/xsl" href="assets/xml/rss.xsl" media="all"?><rss version="2.0" xmlns:dc="http://purl.org/dc/elements/1.1/" xmlns:atom="http://www.w3.org/2005/Atom"><channel><title>Ben Test Nikola Site</title><link>https://example.com/</link><description>This is a demo site for Nikola.</description><atom:link href="https://example.com/rss.xml" rel="self" type="application/rss+xml"></atom:link><language>en</language><copyright>Contents © 2021 &lt;a href="mailto:benjaminrgillott@gmail.com"&gt;Ben Gillott&lt;/a&gt; </copyright><lastBuildDate>Sun, 19 Dec 2021 21:28:25 GMT</lastBuildDate><generator>Nikola (getnikola.com)</generator><docs>http://blogs.law.harvard.edu/tech/rss</docs></channel></rss>